chrom,pos,snp,beta,se,p,nearest_gene
1,71954513,rs80324348,-1.09422,0.18842,4.14333e-07,NEGR1-IT1
1,22817114,rs6659222,1.2485,0.301957,6.05968e-07,ZBTB40
8,61073765,rs192813944,-0.53019,0.10119,1.13128e-06,CA8
10,99000453,rs192293566,-1.14908,0.205599,1.2699e-06,ARHGAP19
12,7989108,rs569811102,-0.91439,0.172003,2.12873e-06,SLC2A14
9,111884512,rs150647043,-0.978475,0.181623,2.15462e-06,FRRS1L
15,44971750,rs377030511,-0.245005,0.0515484,2.15655e-06,PATL2
4,184688080,rs187823012,-0.897695,0.168283,2.24135e-06,TRAPPC11
4,86809555,rs377665282,0.248133,0.0522931,2.67387e-06,ARHGAP24
3,136172432,rs371600109,0.330849,0.0726518,3.02099e-06,STAG1
18,13494995,rs1539803,-0.216484,0.0468459,5.07598e-06,MIR5190
5,67053018,rs188709245,-1.43595,0.264528,5.13594e-06,LOC101928858
3,149122990,rs116442829,0.721072,0.175188,5.44954e-06,TM4SF1-AS1
17,35427963,rs9747660,-0.218012,0.0479142,6.23491e-06,TBC1D3H
21,29285383,rs9977912,-0.252713,0.0564223,6.77189e-06,LINC00314
8,52136194,rs146741148,1.57987,0.452422,6.88304e-06,PXDNL
23,44311862,rs909658,-0.168203,0.0367542,6.93234e-06,NA
15,99734671,rs562274887,-0.820403,0.163568,7.08696e-06,TTC23
6,152396077,rs141288018,-0.800345,0.160713,7.55457e-06,MIR3163
2,214971145,rs147222044,0.70218,0.173171,7.60256e-06,SPAG16
20,17778093,rs562948974,-1.54811,0.289536,7.61027e-06,BANF2
6,144298228,rs6900939,0.365022,0.0848327,7.74604e-06,PLAGL1
4,102375143,rs575455423,-0.937433,0.185897,7.8768e-06,FLJ20021
6,62272274,rs116160918,-1.10062,0.215721,8.15718e-06,MTRNR2L9
2,125560196,rs777559438,-1.78209,0.328583,8.65765e-06,CNTNAP5
2,202511848,2:202511848_GA_G,-0.204582,0.045767,8.71907e-06,TMEM237
6,75304560,6:75304560_ATAAT_A,-0.205124,0.0460461,9.04753e-06,LOC101928516
15,43988525,rs145266097,-0.706202,0.145464,9.47633e-06,CKMT1A
12,15617552,rs10772854,-0.212915,0.0483405,9.90513e-06,PTPRO
