"","CD8T","CD4T","NK","Bcell","Mono","Neu"
"KMD01_Post_beta",0.537940048387172,0,0,0.115613549880547,0.346446401732281,0
"KMD01_Pre_beta",0.516266077637413,0,0,0.124865972673054,0.358867949689532,0
"KMD02_Post_beta",0.541117350288971,0,0,0.137044152821848,0.32183849688918,0
"KMD02_Pre_beta",0.545413338707929,0,0,0.129903256799611,0.32468340449246,0
"KMD03_Post_beta",0.569605887701364,0,0,0.115386535825407,0.315007576473229,0
"KMD03_Pre_beta",0.579242831274478,0,0,0.11572151036791,0.305035658357612,0
"KMD04_Post_beta",0.529324568181218,0,0,0.108339106527368,0.362336325291414,0
"KMD04_Pre_beta",0.513706546415235,0,0,0.122540843626046,0.363752609958719,0
"KMD05_Post_beta",0.530033522271864,0,0,0.152197856217275,0.317768621510861,0
"KMD05_Pre_beta",0.504797599313699,0,0,0.149558658006974,0.345643742679327,0
"KMD06_Post_beta",0.5234585216545,0,0,0.138487282907512,0.338054195437988,0
"KMD06_Pre_beta",0.492900990046688,0,0,0.143352659834281,0.363746350119032,0
"KMD07_Post_beta",0.526171094543426,0,0,0.150985353998959,0.322843551457615,0
"KMD07_Pre_beta",0.517139245147201,0,0,0.146271062625049,0.33658969222775,0
"KMD08_Post_beta",0.514659029102006,0,0,0.137011287395008,0.348329683502987,0
"KMD08_Pre_beta",0.516462836262137,0,0,0.137078403756547,0.346458759981316,0
"KMD09_Post_beta",0.551403062137568,0,0,0.121549741202381,0.327047196660051,0
"KMD09_Pre_beta",0.532337961460923,0,0,0.133332295018528,0.334329743520549,0
"KMD10_Post_beta",0.517757529081079,0,0,0.124890958619179,0.357351512299742,0
"KMD10_Pre_beta",0.497093368770413,0,0,0.136539192157787,0.3663674390718,0
"KMD11_Post_beta",0.52061757428413,0,0,0.120017875756133,0.359364549959738,0
"KMD11_Pre_beta",0.520440529268133,0,0,0.109757494825068,0.3698019759068,0
"KMD12_Post_beta",0.516774140213933,0,0,0.151309107192089,0.331916752593978,0
"KMD12_Pre_beta",0.520208748174726,0,0,0.153302814352371,0.326488437472903,0
"KMD13_Post_beta",0.555329958026769,0,0,0.11454108879482,0.330128953178411,0
"KMD13_Pre_beta",0.548295427526359,0,0,0.129933946479996,0.321770625993644,0
"KMD14_Post_beta",0.547385918063023,0,0,0.141110572148422,0.311503509788555,0
"KMD14_Pre_beta",0.50900457971997,0,0,0.152685924140804,0.338309496139225,0
"KMD15_Post_beta",0.515741710319626,0,0,0.124578493539604,0.35967979614077,0
"KMD15_Pre_beta",0.479679920988924,0,0,0.146121285961552,0.374198793049524,0
"KMD16_Post_beta",0.513894735502656,0,0,0.135456767654764,0.35064849684258,0
"KMD16_Pre_beta",0.502056425702188,0,0,0.138838125550081,0.359105448747732,0
"KMD17_Post_beta",0.50989656235486,0,0,0.128959479536361,0.361143958108779,0
"KMD17_Pre_beta",0.517317459274987,0,0,0.130683393731066,0.351999146993947,0
"KMD18_Post_beta",0.505993743563385,0,0,0.143645909101145,0.350360347335471,0
"KMD18_Pre_beta",0.516586286401999,0,0,0.143946339905675,0.339467373692326,0
"KMD19_Post_beta",0.532499911561352,0,0,0.101343400533359,0.366156687905289,0
"KMD19_Pre_beta",0.537321404466845,0,0,0.0863884783330451,0.37629011720011,0
"KMD20_Post_beta",0.532822995416153,0,0,0.122589507765351,0.344587496818496,0
"KMD20_Pre_beta",0.538656365260376,0,0,0.119789884970026,0.341553749769598,0
"KMD21_Post_beta",0.499402503073969,0,0,0.124433459943638,0.376164036982392,0
"KMD21_Pre_beta",0.493608969109206,0,0,0.125334334970477,0.381056695920316,0
"KMD22_Post_beta",0.536092083582677,0,0,0.140718993142732,0.323188923274591,0
"KMD22_Pre_beta",0.53299992923644,0,0,0.136344426083476,0.330655644680084,0
"KMD23_Post_beta",0.540926018222087,0,0,0.150255642744877,0.308818339033035,0
"KMD23_Pre_beta",0.533659642391413,0,0,0.150928932345558,0.315411425263029,0
"KMD24_Post_beta",0.529268164614583,0,0,0.152035714718876,0.318696120666541,0
"KMD24_Pre_beta",0.519513667960608,0,0,0.158248328856767,0.322238003182625,0
"KMD25_Post_beta",0.506576012723819,0,0,0.133144836443608,0.360279150832573,0
"KMD25_Pre_beta",0.455074375250082,0,0,0.171807375222462,0.373118249527455,0
"KMD26_Post_beta",0.513310131570408,0,0,0.155129547265961,0.331560321163631,0
"KMD26_Pre_beta",0.509771960508478,0,0,0.135622001820521,0.354606037671,0
"KMD27_Post_beta",0.533472947388486,0,0,0.124063650846589,0.342463401764925,0
"KMD27_Pre_beta",0.531768741337361,0,0,0.133684026967286,0.334547231695354,0
"KMD28_Post_beta",0.512558303728151,0,0,0.126920796651035,0.360520899620814,0
"KMD28_Pre_beta",0.513195891158205,0,0,0.1281533075405,0.358650801301295,0
"KMD29_Post_beta",0.529929880552164,0,0,0.147357268285799,0.322712851162037,0
"KMD29_Pre_beta",0.519846635116677,0,0,0.151241097409171,0.328912267474152,0
"KMD30_Post_beta",0.561942484368817,0,0,0.147999900513119,0.290057615118064,0
"KMD30_Pre_beta",0.524758100943684,0,0,0.155818524901734,0.319423374154582,0
"KMD31_Post_beta",0.538204325423828,0,0,0.127605304733634,0.334190369842538,0
"KMD31_Pre_beta",0.545641150335291,0,0,0.126010111471145,0.328348738193564,0
"KMD32_Post_beta",0.493089030175284,0,0,0.137179392585778,0.369731577238938,0
"KMD32_Pre_beta",0.498919170191417,0,0,0.124882441178088,0.376198388630496,0
"KMD33_Post_beta",0.548059752508085,0,0,0.131946978546924,0.319993268944992,0
"KMD33_Pre_beta",0.539217951224049,0,0,0.138467130120471,0.32231491865548,0
"KMD34_Post_beta",0.536112649910011,0,0,0.159217627893631,0.304669722196358,0
"KMD34_Pre_beta",0.532009933876218,0,0,0.164039447842292,0.30395061828149,0
"KMD35_Post_beta",0.510890390647543,0,0,0.161491989270897,0.32761762008156,0
"KMD35_Pre_beta",0.505676333737529,0,0,0.150841850626799,0.343481815635672,0
"KMD36_Post_beta",0.535613299340206,0,0,0.13601829020503,0.328368410454764,0
"KMD36_Pre_beta",0.535525240012884,0,0,0.134790456591417,0.329684303395698,0
"KMD37_Post_beta",0.547507324153312,0,0,0.137469361568064,0.315023314278625,0
"KMD37_Pre_beta",0.544595489521703,0,0,0.145586349147568,0.309818161330729,0
"KMD38_Post_beta",0.52144837578321,0,0,0.139633961823063,0.338917662393727,0
"KMD38_Pre_beta",0.522217058973565,0,0,0.139367892519124,0.338415048507311,0
"KMD39_Post_beta",0.51816116603666,0,0,0.11804428063271,0.36379455333063,0
"KMD39_Pre_beta",0.522483161743179,0,0,0.122169783635834,0.355347054620988,0
"KMD40_Post_beta",0.534581991130461,0,0,0.117706862060553,0.347711146808986,0
"KMD40_Pre_beta",0.544935014363682,0,0,0.116781512839174,0.338283472797144,0
"KMD41_Post_beta",0.549237417313477,0,0,0.138641433856272,0.312121148830251,0
"KMD41_Pre_beta",0.531942927494856,0,0,0.144582656847558,0.323474415657586,0
"KMD42_Post_beta",0.5350322533969,0,0,0.139067810675218,0.325899935927882,0
"KMD42_Pre_beta",0.550893246476619,0,0,0.122363470506889,0.326743283016492,0
"KMD43_Post_beta",0.58765695534242,0,0,0.125195476502363,0.287147568155217,0
"KMD43_Pre_beta",0.574865641406474,0,0,0.13022239209799,0.294911966495537,0
"KMD44_Post_beta",0.539298675873143,0,0,0.159098490331499,0.301602833795358,0
"KMD44_Pre_beta",0.518630763666063,0,0,0.157259348944128,0.324109887389809,0
"KMD45_Post_beta",0.519965900526019,0,0,0.144943487523863,0.335090611950118,0
"KMD45_Pre_beta",0.531312041481516,0,0,0.130589200295096,0.338098758223388,0
"KMD46_Post_beta",0.54272414163194,0,0,0.113899640672024,0.343376217696036,0
"KMD46_Pre_beta",0.510641820181332,0,0,0.133532889255784,0.355825290562884,0
"KMD47_Post_beta",0.535552005418858,0,0,0.126612742462425,0.337835252118716,0
"KMD47_Pre_beta",0.524596236841787,0,0,0.122229380642928,0.353174382515285,0
"KMD48_Post_beta",0.583613868953908,0,0,0.128125321192218,0.288260809853874,0
"KMD48_Pre_beta",0.589728465548648,0,0,0.126798800759448,0.283472733691904,0
"KMD49_Post_beta",0.553542146611147,0,0,0.133206714996669,0.313251138392183,0
"KMD49_Pre_beta",0.552561969698648,0,0,0.134949058218082,0.31248897208327,0
"KMD50_Post_beta",0.510734951993811,0,0,0.146562315882411,0.342702732123777,0
"KMD50_Pre_beta",0.513149316722528,0,0,0.162167702802775,0.324682980474697,0
"KMD51_Post_beta",0.511759380357545,0,0,0.152913365704253,0.335327253938202,0
"KMD51_Pre_beta",0.50427154275996,0,0,0.151887593239973,0.343840864000067,0
"KMD52_Post_beta",0.535902539906351,0,0,0.124154028101412,0.339943431992236,0
"KMD52_Pre_beta",0.526846216647319,0,0,0.130961077177604,0.342192706175077,0
"KMD53_Post_beta",0.512107025318487,0,0,0.128055865388804,0.35983710929271,0
"KMD53_Pre_beta",0.523737163750795,0,0,0.130816797136896,0.345446039112309,0
"KMD54_Post_beta",0.51300028835256,0,0,0.140818210282496,0.346181501364944,0
"KMD54_Pre_beta",0.484740008749463,0,0,0.140954123454512,0.374305867796025,0
"KMD55_Post_beta",0.535863583811003,0,0,0.118536917346678,0.345599498842318,0
"KMD55_Pre_beta",0.518083439852467,0,0,0.136031360738274,0.34588519940926,0
"KMD56_Post_beta",0.537751573674121,0,0,0.134591000617359,0.32765742570852,0
"KMD56_Pre_beta",0.527930472380958,0,0,0.138419723302872,0.33364980431617,0
"KMD57_Post_beta",0.522366303201699,0,0,0.153042968603247,0.324590728195054,0
"KMD57_Pre_beta",0.515004397841791,0,0,0.140572155031165,0.344423447127044,0
"KMD58_Post_beta",0.519119420567483,0,0,0.160237180691158,0.32064339874136,0
"KMD58_Pre_beta",0.507802418912462,0,0,0.180721365328114,0.311476215759424,0
"KMD59_Post_beta",0.503756203023924,0,0,0.125302053574007,0.37094174340207,0
"KMD59_Pre_beta",0.520016674285337,0,0,0.138248128975663,0.341735196739,0
"KMD60_Post_beta",0.566844175844608,0,0,0.118635068613813,0.314520755541578,0
"KMD60_Pre_beta",0.538921490270188,0,0,0.139175496179495,0.321903013550317,0
"KMD61_Post_beta",0.510045530283747,0,0,0.158109691610279,0.331844778105974,0
"KMD61_Pre_beta",0.512475386867393,0,0,0.150032250833526,0.337492362299081,0
"KMD62_Post_beta",0.526999478552164,0,0,0.105295952154375,0.367704569293461,0
"KMD62_Pre_beta",0.515667719084075,0,0,0.108103276785275,0.376229004130649,0
"KMD63_Post_beta",0.533824153714027,0,0,0.136833900582063,0.32934194570391,0
"KMD63_Pre_beta",0.530245969680013,0,0,0.146321000991551,0.323433029328436,0
"KMD64_Post_beta",0.489169744793712,0,0,0.125142617217737,0.38568763798855,0
"KMD64_Pre_beta",0.491812979181545,0,0,0.132699837638712,0.375487183179744,0
"KMD65_Post_beta",0.520061350168188,0,0,0.136866688742041,0.343071961089771,0
"KMD65_Pre_beta",0.505437509369427,0,0,0.134673402674553,0.35988908795602,0
