config,method,celltype,n,mean_pre,mean_post,sd_pre,sd_post,median_delta,wilcoxon_p
cent12CT,CBS_svr_nu0.25,Baso,65,0.0077281419764012715,0.006830551391631369,0.011182152134130806,0.010534835923588741,0.0,0.518809073978113
cent12CT,CBS_svr_nu0.25,Bmem,65,0.0026084340648173327,0.0018824146153913728,0.006364319389104625,0.004751408246803303,0.0,0.44045294529422474
cent12CT,CBS_svr_nu0.25,Bnv,65,0.01935228758104488,0.015953764977822582,0.016574410189359446,0.017495043276522442,-0.0020095038472491035,0.12338850656477197
cent12CT,CBS_svr_nu0.25,CD4Tmem,65,0.028799417844461463,0.017551910341384303,0.03617137437511008,0.0276676908648569,-9.530647839053191e-05,0.014019653747981576
cent12CT,CBS_svr_nu0.25,CD4Tnv,65,0.03396707715855245,0.03699561829613867,0.022139334306996716,0.02325938306291756,0.002249661435013912,0.3883089732910472
cent12CT,CBS_svr_nu0.25,CD8Tmem,65,0.0360868766377336,0.026575766806504218,0.03261455995059942,0.02541231488672308,-0.003446817552657494,0.0074599190532618105
cent12CT,CBS_svr_nu0.25,CD8Tnv,65,0.004014574459865579,0.0037476832908049933,0.007356106042055474,0.007216626664545473,0.0,0.857018659920137
cent12CT,CBS_svr_nu0.25,Eos,65,0.0030519523932036807,0.0034103916747797646,0.011379661125127232,0.01869039644226036,0.0,0.8657723749926214
cent12CT,CBS_svr_nu0.25,Mono,65,0.031724965144230274,0.02308876795768353,0.032722536366282216,0.029776911336332257,-0.0020981024165263734,0.043463307121685675
cent12CT,CBS_svr_nu0.25,NK,65,0.030188254997912722,0.02275459866420094,0.027996021002518016,0.023690293911962156,-0.003963812889951842,0.0360493194843462
cent12CT,CBS_svr_nu0.25,Neu,65,0.790754868894395,0.8274631386863499,0.11704521559377082,0.09542759406362214,0.023767476431685863,0.010713958909483628
cent12CT,CBS_svr_nu0.25,Treg,65,0.011723148847381773,0.01374539329730839,0.00979752444246542,0.010816751441594639,0.0,0.19184739007114726
cent12CT,CBS_svr_nu0.5,Baso,65,0.007139425458493177,0.005043685332882554,0.00871441372048362,0.0070577072935402935,0.0,0.1095193391739717
cent12CT,CBS_svr_nu0.5,Bmem,65,0.004593017641775777,0.0038597767597723367,0.007272064249590017,0.005067881455863677,0.0,0.5997128237698808
cent12CT,CBS_svr_nu0.5,Bnv,65,0.012324425145464583,0.012246471304692695,0.01555758537547394,0.014838270000247759,0.0,0.9828264262248843
cent12CT,CBS_svr_nu0.5,CD4Tmem,65,0.024099236079456802,0.01543602604272768,0.030128772149748552,0.02174672185467924,0.0,0.013833008122015064
cent12CT,CBS_svr_nu0.5,CD4Tnv,65,0.025030731642500928,0.02841926057826073,0.017507595526070112,0.01816340278198925,0.0054012311328957355,0.2708371723449763
cent12CT,CBS_svr_nu0.5,CD8Tmem,65,0.038168820027866424,0.028895613884873793,0.034409091124271235,0.026846792251736782,-0.005972920688621826,0.020879929433453574
cent12CT,CBS_svr_nu0.5,CD8Tnv,65,0.010407113712940418,0.010274699426427999,0.011745060857386323,0.010583282971525903,0.0,0.8275520214395649
cent12CT,CBS_svr_nu0.5,Eos,65,0.002917015913074602,0.0031593966978485793,0.010098089685864607,0.017611153716665263,0.0,0.3862707203664827
cent12CT,CBS_svr_nu0.5,Mono,65,0.035830470379860424,0.02443753130919598,0.03435410362365082,0.02891608277686929,-0.003924196041599569,0.005942005513080834
cent12CT,CBS_svr_nu0.5,NK,65,0.029844283600909512,0.023683741060886592,0.02442409918319913,0.022282522582492952,-0.002848417449864929,0.023884445598757895
cent12CT,CBS_svr_nu0.5,Neu,65,0.7988748347312539,0.8345268082826212,0.11602087531354607,0.0903019719580217,0.024251729934603006,0.006365479020837648
cent12CT,CBS_svr_nu0.5,Treg,65,0.010770625666403496,0.010016989319809884,0.007951547345662094,0.00912496935078258,-0.002026729712739884,0.5468698707837281
cent12CT,CP_nnls_norm,Baso,65,0.014820415393119714,0.010949745583601274,0.00852898619502041,0.008461661804278077,-0.004048135420692971,0.0005544845784702928
cent12CT,CP_nnls_norm,Bmem,65,0.012104147901184316,0.009954771347459276,0.007274611742422975,0.006960500272501644,-0.0016181424731564996,0.023870054421138223
cent12CT,CP_nnls_norm,Bnv,65,0.02402770267401991,0.021118119311912202,0.01807407120663539,0.017024626961817217,-0.0019406799119686714,0.12514598090769338
cent12CT,CP_nnls_norm,CD4Tmem,65,0.038691437093228545,0.027185061005263515,0.031087298364435894,0.02672997135031045,-0.009900931222873999,0.0012437268025012693
cent12CT,CP_nnls_norm,CD4Tnv,65,0.029944944110187565,0.030563733083084407,0.020826724083484623,0.020236091237424616,0.0,0.9636514065785001
cent12CT,CP_nnls_norm,CD8Tmem,65,0.02681140704125623,0.018632148265674883,0.02982777501524757,0.02308390864528599,-0.001898865632687801,0.01088281700852047
cent12CT,CP_nnls_norm,CD8Tnv,65,0.0016349926871977697,0.0011605575286569218,0.00411327459958899,0.0025123655245913685,0.0,0.4593363573147894
cent12CT,CP_nnls_norm,Eos,65,0.005926577327586861,0.005014802803473822,0.013415087549209795,0.01804334487484127,0.0,0.09263052317984789
cent12CT,CP_nnls_norm,Mono,65,0.041091576403797084,0.029354003473697418,0.033061603076553994,0.028677225576021932,-0.0020693128420061283,0.013379732514095138
cent12CT,CP_nnls_norm,NK,65,0.06812124355541825,0.05967979097358806,0.02474265953860424,0.024082833235321684,-0.008693677612430215,0.004708035686410514
cent12CT,CP_nnls_norm,Neu,65,0.720896502351003,0.772558401164632,0.11216283186467986,0.09939990311743335,0.03251488547994319,0.0006090006578352227
cent12CT,CP_nnls_norm,Treg,65,0.015929053462000634,0.01382886545895625,0.008238674300116794,0.008783779434771488,-0.003505075563271655,0.018909304005210806
cent12CT,CP_penalty_K100,Baso,65,0.013958816140418724,0.010006847691809278,0.008401774728510121,0.008212901798477633,-0.005334435958986711,0.0004995496108499916
cent12CT,CP_penalty_K100,Bmem,65,0.016916152781846362,0.014228078429735669,0.007669000511017952,0.007787823511912039,-0.002647937786005635,0.006625037730004026
cent12CT,CP_penalty_K100,Bnv,65,0.01868267714627233,0.015781225310631117,0.017953787120865875,0.01641626333157984,-0.0021561166299291085,0.13081743422762984
cent12CT,CP_penalty_K100,CD4Tmem,65,0.0565147112092447,0.044517399663094766,0.033283830236501236,0.02816133877313035,-0.009771597069355806,0.0007948240305308491
cent12CT,CP_penalty_K100,CD4Tnv,65,0.012204657132861596,0.012894566302917826,0.016108759635752038,0.014987817871342577,0.0,0.8241384743806146
cent12CT,CP_penalty_K100,CD8Tmem,65,0.03172121971340425,0.022878019539070985,0.030233316537399902,0.0242752116522054,-0.003624121367269393,0.007871355636524647
cent12CT,CP_penalty_K100,CD8Tnv,65,0.003637185700156644,0.003503964900842907,0.006173677362697333,0.005115012201915488,0.0,0.9000525358693964
cent12CT,CP_penalty_K100,Eos,65,0.01107455483508009,0.009498504962344069,0.016445205203251014,0.020324064535597826,0.0,0.05713960419113232
cent12CT,CP_penalty_K100,Mono,65,0.022043898222119707,0.014171829264014469,0.027703708437092307,0.021772212325761056,0.0,0.020253755177481125
cent12CT,CP_penalty_K100,NK,65,0.07619031621757381,0.06788775398374165,0.02525746869371031,0.023907548460106356,-0.010628445563086876,0.004162600757270187
cent12CT,CP_penalty_K100,Neu,65,0.7146433268251928,0.7638951528934556,0.10946287113949028,0.09566969268950068,0.03321198683809856,0.0007550730448429266
cent12CT,CP_penalty_K100,Treg,65,0.02222433194339979,0.02053848336024792,0.00834335812519722,0.009321041590319263,-0.0034997565222148006,0.058509113955192614
cent12CT,CP_penalty_K1000,Baso,65,0.013934500916866457,0.009990860846684772,0.008406256057062833,0.008204877709168373,-0.005393741119768342,0.0005263495788924401
cent12CT,CP_penalty_K1000,Bmem,65,0.016957687810085314,0.014258124839214242,0.007675774775486978,0.0078009140109824675,-0.002664299371623085,0.006897520979453378
cent12CT,CP_penalty_K1000,Bnv,65,0.01862645034261376,0.01573447104187801,0.01795768130128435,0.016406135431218605,-0.002164676526802814,0.13261350919887763
cent12CT,CP_penalty_K1000,CD4Tmem,65,0.05665815323337939,0.04467341483583876,0.033316491443420325,0.028166926988244984,-0.009514235550622044,0.0007753801086341001
cent12CT,CP_penalty_K1000,CD4Tnv,65,0.012092940005675403,0.012758342611099089,0.01604359392776022,0.014924053778629886,0.0,0.8227805212669921
cent12CT,CP_penalty_K1000,CD8Tmem,65,0.03177419791934019,0.022925095636155437,0.03024440952265181,0.02428723996967918,-0.0035930133381315878,0.007871355636524647
cent12CT,CP_penalty_K1000,CD8Tnv,65,0.003650174411163952,0.0035270624088990124,0.006189701229442988,0.005128411524163249,0.0,0.9000525358693964
cent12CT,CP_penalty_K1000,Eos,65,0.011139395870292489,0.00955208029367426,0.01647116177486343,0.020348635006157346,0.0,0.05713960419113232
cent12CT,CP_penalty_K1000,Mono,65,0.02191043155033848,0.01407358570505769,0.02764291743231173,0.0217094194084328,0.0,0.020736608272804644
cent12CT,CP_penalty_K1000,NK,65,0.07627119447394323,0.06796668390771042,0.025268081441869164,0.02391100866180592,-0.010666092624564943,0.004162600757270187
cent12CT,CP_penalty_K1000,Neu,65,0.7146988964079171,0.7639410207612939,0.10945452866208707,0.09565593058930312,0.033222304394071145,0.0007550730448429266
cent12CT,CP_penalty_K1000,Treg,65,0.022284077591569335,0.02059725606146373,0.008347495605547308,0.009325213665438654,-0.0035267260938526054,0.058509113955192614
cent12CT,RPC_irls,Baso,65,0.023448197259638533,0.018551806755963338,0.00944652757513498,0.00970853531934686,-0.003277675392951939,0.0002430141228560712
cent12CT,RPC_irls,Bmem,65,0.02565858109749259,0.022457715286509507,0.007430250123696372,0.009112194472554349,-0.0024017076366928576,0.006888315081760962
cent12CT,RPC_irls,Bnv,65,0.014565611138029384,0.013541953054782604,0.012451612732722417,0.014143257417279622,0.0,0.7684743761882565
cent12CT,RPC_irls,CD4Tmem,65,0.0509013547425927,0.04119706091890401,0.030639726857956927,0.024997445929598287,-0.008776037990987987,0.007325143890380363
cent12CT,RPC_irls,CD4Tnv,65,0.0056478365062382,0.006236720801625168,0.011199106942643408,0.011396235381167769,0.0,0.8371970949247649
cent12CT,RPC_irls,CD8Tmem,65,0.0364607393914803,0.027207050627263068,0.029490851421908618,0.024552415951819416,-0.005329529681899845,0.003196754582294709
cent12CT,RPC_irls,CD8Tnv,65,0.02118996191765092,0.019782913530693006,0.012830441570349823,0.013372442412027962,-0.0014062140867514283,0.24307160952692763
cent12CT,RPC_irls,Eos,65,0.00745663181228227,0.005314975046967877,0.013562442423857754,0.016956591112723473,0.0,0.01044243284850472
cent12CT,RPC_irls,Mono,65,0.01687259618273038,0.00879586324667081,0.023289276049684848,0.015808777570591653,0.0,0.007595698876114317
cent12CT,RPC_irls,NK,65,0.048132303623614064,0.04210550270147381,0.021247440462007775,0.01969388722045552,-0.006914401844553449,0.007449414801426357
cent12CT,RPC_irls,Neu,65,0.7221609282107289,0.769218027975082,0.10589194410812719,0.0909078823220537,0.037412854675680896,0.0007550730448429266
cent12CT,RPC_irls,Treg,65,0.02750421097030079,0.025589267868476616,0.007411979885967943,0.008940522283621737,-0.0024896905539122313,0.08992076056993398
cent12CT450k,CBS_svr_nu0.25,Baso,65,0.0042384374212352735,0.0023166916931166887,0.00811835596471627,0.005496616225175398,0.0,0.07753697663151893
cent12CT450k,CBS_svr_nu0.25,Bmem,65,0.0023316903531780966,0.0038573153522572863,0.004695812717120465,0.0062444772570398165,0.0,0.05254281785706896
cent12CT450k,CBS_svr_nu0.25,Bnv,65,0.020555435119426955,0.01676285201431788,0.01852501702651479,0.019434045192389025,-0.0014965413963410404,0.1080662947156648
cent12CT450k,CBS_svr_nu0.25,CD4Tmem,65,0.030229379572999072,0.020767603952204446,0.03941434980139644,0.03073999566370439,-0.001098298311133833,0.039564435829703266
cent12CT450k,CBS_svr_nu0.25,CD4Tnv,65,0.014135148046228563,0.016938513877060205,0.022028807154494134,0.020693153079809398,0.0,0.3942562432920752
cent12CT450k,CBS_svr_nu0.25,CD8Tmem,65,0.06702231836297673,0.05203875695107154,0.03756047237862611,0.0334052330238819,-0.015983491806141045,0.001651968095054599
cent12CT450k,CBS_svr_nu0.25,CD8Tnv,65,0.005798218698387953,0.003292170286029204,0.010901741572253463,0.00596586505289993,0.0,0.2463199589015289
cent12CT450k,CBS_svr_nu0.25,Eos,65,0.0057448669633108716,0.005467895923332645,0.015080125786761883,0.021267723122105932,0.0,0.26043936484565566
cent12CT450k,CBS_svr_nu0.25,Mono,65,0.04368640790157851,0.033007754346078146,0.032633603447725305,0.030647587724185375,-0.002024833793956335,0.011648964178502178
cent12CT450k,CBS_svr_nu0.25,NK,65,0.05211452883706397,0.04947311608163511,0.02542519739835119,0.02098359697538188,-0.003152750116344971,0.322153210767531
cent12CT450k,CBS_svr_nu0.25,Neu,65,0.7494613430156268,0.7917238782773028,0.1133271243450812,0.0892882606916981,0.023926161235958476,0.0033796119779407234
cent12CT450k,CBS_svr_nu0.25,Treg,65,0.004682225707987181,0.004353451245594005,0.009683967724698784,0.010232529918705222,0.0,0.5847125558503574
cent12CT450k,CBS_svr_nu0.5,Baso,65,0.004860521969868573,0.004479942110120414,0.007325688537098862,0.006515820429224073,0.0,0.7368464093078719
cent12CT450k,CBS_svr_nu0.5,Bmem,65,0.0002287496231693672,0.000843013262506595,0.0009960723411864946,0.0025014125007368484,0.0,0.046399461870904636
cent12CT450k,CBS_svr_nu0.5,Bnv,65,0.01843553962371066,0.01541109468782096,0.01603270951799041,0.01518435319358907,0.0,0.19746090053121557
cent12CT450k,CBS_svr_nu0.5,CD4Tmem,65,0.02903484253303874,0.020746390323562083,0.03437645592915867,0.02541567612967837,0.0,0.04886816144868859
cent12CT450k,CBS_svr_nu0.5,CD4Tnv,65,0.0063941205898861,0.008999472507093143,0.01056910710828238,0.012759443031708876,0.0,0.2064160304492133
cent12CT450k,CBS_svr_nu0.5,CD8Tmem,65,0.06888708635663468,0.05694926166515747,0.03529486944675661,0.03219434958404191,-0.008701781454206576,0.006492727211340337
cent12CT450k,CBS_svr_nu0.5,CD8Tnv,65,0.005345247972865626,0.004033654041851328,0.00940844973584415,0.00823762898405146,0.0,0.3856892363856862
cent12CT450k,CBS_svr_nu0.5,Eos,65,0.004529595331267596,0.004486500907817818,0.012464261894004514,0.019835636239652482,0.0,0.12392922503869737
cent12CT450k,CBS_svr_nu0.5,Mono,65,0.04989801962036454,0.03507949217350364,0.03702070660068591,0.03390090139326064,-0.006520687776847622,0.0012033634618476407
cent12CT450k,CBS_svr_nu0.5,NK,65,0.04724592022257625,0.04132614277129347,0.025918337917709547,0.021187119306729892,-0.004982658579900316,0.08158539624837864
cent12CT450k,CBS_svr_nu0.5,Neu,65,0.762144279646584,0.8049333462603195,0.11029488430004249,0.09205723626947099,0.020785000092109485,0.0029767536709470097
cent12CT450k,CBS_svr_nu0.5,Treg,65,0.002996076510033806,0.002711689288953553,0.005620585443247312,0.006117292843785879,0.0,0.5000851242723134
cent12CT450k,CP_nnls_norm,Baso,65,0.015732297462158183,0.011648485467687158,0.010051748622122717,0.009755192471135519,-0.0026898687512324285,0.007052676173054015
cent12CT450k,CP_nnls_norm,Bmem,65,0.008361687211288472,0.00867114728331572,0.0059859257791393845,0.006652185167004672,0.0,0.8887623436669472
cent12CT450k,CP_nnls_norm,Bnv,65,0.01632421027029728,0.01290175616893031,0.015619697372930254,0.0159066167352099,0.0,0.0969359061723603
cent12CT450k,CP_nnls_norm,CD4Tmem,65,0.024738808264727505,0.0169744062671752,0.029257705640150112,0.022218006210918802,-0.0013988781226808207,0.023704734264466763
cent12CT450k,CP_nnls_norm,CD4Tnv,65,0.009193134568088282,0.01071573312460985,0.013945662064970868,0.012996276085959489,0.0,0.4283084366757076
cent12CT450k,CP_nnls_norm,CD8Tmem,65,0.06261658192150321,0.0502122130981806,0.03460615876395935,0.02926467557859563,-0.0038876847082149196,0.005745913480002509
cent12CT450k,CP_nnls_norm,CD8Tnv,65,0.0030237306642630587,0.0023786321052127256,0.0068187775231397735,0.004823016074928884,0.0,0.49079849348995086
cent12CT450k,CP_nnls_norm,Eos,65,0.008611691858400926,0.0078817124348388,0.018411726865863082,0.02226875480865209,0.0,0.19677758436521786
cent12CT450k,CP_nnls_norm,Mono,65,0.04896514887191197,0.0349268460765971,0.032740167720548115,0.03045440016959689,-0.008043941101645833,0.0006712494881189359
cent12CT450k,CP_nnls_norm,NK,65,0.0767474273522642,0.07075374644356766,0.022956560615782533,0.022140043671678506,-0.005011429660738823,0.0208826287674215
cent12CT450k,CP_nnls_norm,Neu,65,0.7195458046476579,0.7681533897823829,0.11092672039622929,0.09594040962899357,0.03411081222085666,0.001651968095054599
cent12CT450k,CP_nnls_norm,Treg,65,0.006139476907438896,0.004781931747501976,0.008623409939690733,0.008729457509843046,0.0,0.0640472439441627
cent12CT450k,CP_penalty_K100,Baso,65,0.009289393007349343,0.006331660238836809,0.009204356532080335,0.008550986923823976,-0.001518084905080725,0.013020778497332392
cent12CT450k,CP_penalty_K100,Bmem,65,0.013492043204807706,0.013342253478493495,0.006846751330173739,0.0077595978898643055,-0.00024824848049019577,0.6612770709306977
cent12CT450k,CP_penalty_K100,Bnv,65,0.012247889463920629,0.009629605688606937,0.014075667927370725,0.013998867482451067,0.0,0.1941616029918274
cent12CT450k,CP_penalty_K100,CD4Tmem,65,0.021086230142327956,0.014931282422494484,0.02676361662882281,0.021402330861149066,0.0,0.05411025716067273
cent12CT450k,CP_penalty_K100,CD4Tnv,65,0.00490022646118553,0.005120207987219226,0.011109658777491071,0.011268752619669802,0.0,0.9616763959455763
cent12CT450k,CP_penalty_K100,CD8Tmem,65,0.06704441023990407,0.0538103585632162,0.03569620785924185,0.02980982729727649,-0.005007193337297065,0.002735445440198945
cent12CT450k,CP_penalty_K100,CD8Tnv,65,0.005004797238867859,0.004987795480246762,0.008178026446484545,0.0071739032835912,0.0,0.9956414281699145
cent12CT450k,CP_penalty_K100,Eos,65,0.010563123698314454,0.009728632171505389,0.019295347945529062,0.022991472429302016,0.0,0.20777585214546357
cent12CT450k,CP_penalty_K100,Mono,65,0.0501683064101045,0.036016350176331126,0.03274156348070393,0.030830036041175006,-0.008387892026910183,0.0005882864757625725
cent12CT450k,CP_penalty_K100,NK,65,0.08094869164528598,0.07486748940189758,0.02330261768439904,0.022011076863845375,-0.005386526330695307,0.020523636766513562
cent12CT450k,CP_penalty_K100,Neu,65,0.7162599883112911,0.7641093437343586,0.10997693716515601,0.095043030797462,0.031469748421550814,0.001615428398226135
cent12CT450k,CP_penalty_K100,Treg,65,0.008834827013072661,0.006965464077235906,0.010161423432381675,0.010091924922471818,-0.0003787025313049,0.058193336644863744
cent12CT450k,CP_penalty_K1000,Baso,65,0.009213152580116886,0.006267804038691005,0.009192141057045838,0.008541596651690658,-0.0013583773139278206,0.013246170823727824
cent12CT450k,CP_penalty_K1000,Bmem,65,0.013574505374592958,0.013413223833872164,0.006858516194225048,0.007778747139962658,-0.000253167414744699,0.6366547330863737
cent12CT450k,CP_penalty_K1000,Bnv,65,0.012183372759677732,0.009585203551586905,0.014053538243991926,0.013964619525542217,0.0,0.2008761306841198
cent12CT450k,CP_penalty_K1000,CD4Tmem,65,0.02102156214754462,0.014899936642487328,0.02672386701768854,0.021378774735365473,0.0,0.05658825432204789
cent12CT450k,CP_penalty_K1000,CD4Tnv,65,0.00486071476636908,0.005086982614873829,0.01107551233092851,0.011256227146944329,0.0,0.9090071978307225
cent12CT450k,CP_penalty_K1000,CD8Tmem,65,0.06711304554014852,0.05386247970127913,0.03572208103349181,0.02982553336056184,-0.005045793370785132,0.0027960407536729587
cent12CT450k,CP_penalty_K1000,CD8Tnv,65,0.005034024818763705,0.005012988933017016,0.008194868885836905,0.007192678266384078,0.0,0.9956414281699145
cent12CT450k,CP_penalty_K1000,Eos,65,0.010598550628320574,0.009756724989721357,0.01930728031183922,0.023004208560265655,0.0,0.20967963433301573
cent12CT450k,CP_penalty_K1000,Mono,65,0.050189093812853296,0.03603206618855633,0.03274633975493505,0.030837744364489977,-0.008378630104888103,0.0005882864757625725
cent12CT450k,CP_penalty_K1000,NK,65,0.08101932524609817,0.07493451657480242,0.023313064321032424,0.022015837824787377,-0.005429899718726733,0.020523636766513562
cent12CT450k,CP_penalty_K1000,Neu,65,0.7163163496036625,0.7641617750340927,0.10997550501202819,0.09504127614298571,0.03149283917125745,0.001615428398226135
cent12CT450k,CP_penalty_K1000,Treg,65,0.008874677561600722,0.006984677476251546,0.0101897320864498,0.010099185576188404,-0.0004137851196916687,0.056995465339980664
cent12CT450k,RPC_irls,Baso,65,0.015334670114664679,0.011723815977442854,0.010844265412782342,0.010697434714297484,-0.0035997053550090377,0.017784984438401305
cent12CT450k,RPC_irls,Bmem,65,0.01352781410199616,0.013383234510962148,0.006359443095177867,0.0064734652476696655,-0.00042661166707775103,0.673526687392535
cent12CT450k,RPC_irls,Bnv,65,0.013454656204553687,0.011441038636135605,0.013873791692475051,0.013350932038092405,0.0,0.48808856625647556
cent12CT450k,RPC_irls,CD4Tmem,65,0.021204624881572657,0.013749737760945397,0.026570748615789768,0.01791478311459359,0.0,0.03234463168928191
cent12CT450k,RPC_irls,CD4Tnv,65,0.0011373157458948533,0.0029620564360609554,0.003428806331149588,0.007524232484493667,0.0,0.08538899791882958
cent12CT450k,RPC_irls,CD8Tmem,65,0.06736664502620915,0.05654285209305506,0.03440085520728724,0.029323708201681918,-0.0032927182927487975,0.013598832167677558
cent12CT450k,RPC_irls,CD8Tnv,65,0.014279815113250594,0.012813727742246905,0.012548675765254627,0.01068052364485883,-0.0005755264207079147,0.2157649871895767
cent12CT450k,RPC_irls,Eos,65,0.008844778306577475,0.00817168658218331,0.016785300576895926,0.020977248640925625,0.0,0.25469707620729154
cent12CT450k,RPC_irls,Mono,65,0.051502163290706005,0.036736758293805155,0.033694798261918145,0.03201555096316703,-0.008752710149004417,0.0006712494881189359
cent12CT450k,RPC_irls,NK,65,0.062130863985869596,0.05706544422655535,0.022011092597655463,0.01988930715924216,-0.003998323571612332,0.05109532115999244
cent12CT450k,RPC_irls,Neu,65,0.7190055985567376,0.7656984082030525,0.11044491951386973,0.09491956005353816,0.030153421061190344,0.0019298097143168453
cent12CT450k,RPC_irls,Treg,65,0.012209904324724607,0.009710071167401932,0.008683672769358447,0.008550793865833866,-0.004694005101978068,0.01261563181522418
centBloodSub,CBS_svr_nu0.25,B,65,0.00584758680389678,0.005040328238170183,0.01202360089267038,0.012376443046172398,0.0,0.40734696094047373
centBloodSub,CBS_svr_nu0.25,CD4T,65,0.032521651887131874,0.029011033718105973,0.041133848172061754,0.03867034579629304,0.0,0.3453729924798057
centBloodSub,CBS_svr_nu0.25,CD8T,65,0.031795524950235556,0.019428876551425788,0.05069953455414222,0.03631638930448809,0.0,0.01737071649777065
centBloodSub,CBS_svr_nu0.25,Eosino,65,0.013070368686799167,0.008947974414068955,0.030947165704401248,0.02409308283625685,0.0,0.28709167639284705
centBloodSub,CBS_svr_nu0.25,Mono,65,0.09730860376252662,0.07537369004574145,0.0476834456831826,0.04376479255757841,-0.01643580001046782,0.0003047217565665115
centBloodSub,CBS_svr_nu0.25,NK,65,0.043451829123477545,0.04017511877215862,0.03517038662851875,0.03374609360702808,0.0,0.526669740896324
centBloodSub,CBS_svr_nu0.25,Neutro,65,0.7760044347859325,0.822022978260329,0.12926667783601384,0.09858877908814248,0.04298070217010186,0.005211120187555004
centBloodSub,CBS_svr_nu0.5,B,65,0.00920542626977932,0.007179695449975804,0.015573812645166614,0.013663841585366569,0.0,0.2525882922698065
centBloodSub,CBS_svr_nu0.5,CD4T,65,0.03850814088856217,0.03174303308410155,0.040868786479287794,0.03851796269111772,0.0,0.26276715045811594
centBloodSub,CBS_svr_nu0.5,CD8T,65,0.029489974212943554,0.01920816215754499,0.04785318940444697,0.031453676178084804,0.0,0.08641065497378003
centBloodSub,CBS_svr_nu0.5,Eosino,65,0.007438171109152356,0.00548906581357423,0.019382961281998352,0.016494263133131928,0.0,0.46030155637941883
centBloodSub,CBS_svr_nu0.5,Mono,65,0.09699990080757825,0.07528956231925041,0.04127490603971274,0.04448489102229509,-0.014834798515085373,0.00010232173971664284
centBloodSub,CBS_svr_nu0.5,NK,65,0.04968537503000576,0.043549809661301474,0.03635566341384139,0.033967403623784045,-0.00339812760425693,0.21268672932803978
centBloodSub,CBS_svr_nu0.5,Neutro,65,0.7686730116819785,0.8175406715142515,0.12070022152055765,0.09914949588691015,0.024730555654255193,0.0024541118053759115
centBloodSub,CP_nnls_norm,B,65,0.016269156374352774,0.012694601988889165,0.01801078152190414,0.016515176820737873,-0.0006431472265093332,0.08230618761875984
centBloodSub,CP_nnls_norm,CD4T,65,0.03858365879623941,0.028201626359594865,0.03882034235305802,0.034812565312008215,0.0,0.04947883185082109
centBloodSub,CP_nnls_norm,CD8T,65,0.025821683721438924,0.01714201539769232,0.04466592263063916,0.029981900134546283,-3.818973957814778e-05,0.030946394389827603
centBloodSub,CP_nnls_norm,Eosino,65,0.002260689537478472,0.0019335533780227296,0.011436196060092258,0.009376806128766926,0.0,0.916511907863894
centBloodSub,CP_nnls_norm,Mono,65,0.09751176823908289,0.07756952014991743,0.03932617459810679,0.04086755026879919,-0.014063029704011867,0.00011699219052822083
centBloodSub,CP_nnls_norm,NK,65,0.0751519141593114,0.06460648217470928,0.03665530563370871,0.03654956965346891,-0.008246708419086785,0.0025422483905393305
centBloodSub,CP_nnls_norm,Neutro,65,0.7444011291720961,0.7978522005511742,0.11696560441362532,0.09837302082068708,0.035829835089443596,0.0005803321591786517
centBloodSub,CP_penalty_K100,B,65,0.025596577479121536,0.021663784923196115,0.01955328012158211,0.017858202034231392,-0.00045441141426451337,0.08103711874892952
centBloodSub,CP_penalty_K100,CD4T,65,0.010156298429635252,0.007318053513950575,0.023001749818181972,0.020064836061250653,0.0,0.26043936484565566
centBloodSub,CP_penalty_K100,CD8T,65,0.07089628198893697,0.05257450490086186,0.051252883060606734,0.03766586371693432,-0.01605969342614323,0.0018395902522192773
centBloodSub,CP_penalty_K100,Eosino,65,0.000916737420758083,0.00046548058053047574,0.0066052366718633414,0.0027913162967891122,0.0,1.0
centBloodSub,CP_penalty_K100,Mono,65,0.0832562908128051,0.06328389216686409,0.03593934246950986,0.03837151834370587,-0.014780665497089396,6.803832905768777e-05
centBloodSub,CP_penalty_K100,NK,65,0.08239409598126113,0.07719231181760405,0.03136487544691114,0.03404184423636514,-0.00847601770936747,0.053473959188580784
centBloodSub,CP_penalty_K100,Neutro,65,0.7265297410137606,0.7772442916248871,0.10797284121704177,0.08946810143973015,0.035076305667562924,0.0003213125132662109
centBloodSub,CP_penalty_K1000,B,65,0.02564600067556795,0.021713219183340682,0.019560122179883652,0.017864787234096745,-0.00045483694153300447,0.07976323100353154
centBloodSub,CP_penalty_K1000,CD4T,65,0.010087463343071701,0.007263843535941671,0.022918989593641484,0.019993347604826302,0.0,0.26043936484565566
centBloodSub,CP_penalty_K1000,CD8T,65,0.07105761312229293,0.052713799905225345,0.05129644568467739,0.03771118676131842,-0.016054052296916067,0.001926826378113727
centBloodSub,CP_penalty_K1000,Eosino,65,0.0009126431890109729,0.0004608041978418697,0.006588857274900954,0.0027657971841543063,0.0,1.0
centBloodSub,CP_penalty_K1000,Mono,65,0.08319620358312493,0.06322316370259412,0.03593405420073831,0.038367026125974125,-0.014836011248925515,6.803832905768777e-05
centBloodSub,CP_penalty_K1000,NK,65,0.08247337022895321,0.07728439942867289,0.031354147707707676,0.03403727023645262,-0.008334875912719905,0.054287107216192655
centBloodSub,CP_penalty_K1000,Neutro,65,0.7266241533735917,0.7773381802732734,0.10797540237308463,0.08946498469580527,0.03505413952573766,0.0003213125132662109
centBloodSub,RPC_irls,B,65,0.03710453832257042,0.034309729859663914,0.01723160910004876,0.01594974371749028,-0.0021317776561744634,0.13709461764000314
centBloodSub,RPC_irls,CD4T,65,0.008941630701996555,0.00805271656954598,0.01986599777649446,0.01926558978692278,0.0,0.9249707861129906
centBloodSub,RPC_irls,CD8T,65,0.09150634790809471,0.07053923544425472,0.052828548088619136,0.03625165190765721,-0.019033249305442104,0.0005267260437815851
centBloodSub,RPC_irls,Eosino,65,0.0017064705926711765,0.0009514922743464597,0.009611183325725884,0.0049035963323150735,0.0,0.8657723749926214
centBloodSub,RPC_irls,Mono,65,0.08481316613390788,0.06002570499640593,0.04071156226874509,0.03966534346570279,-0.023341126907299233,9.802336220747788e-05
centBloodSub,RPC_irls,NK,65,0.057325306286011145,0.05494589446404992,0.026199679062485996,0.03070065688095843,-0.0036802625240344167,0.29124601823421337
centBloodSub,RPC_irls,Neutro,65,0.7186010442395308,0.7711737674548675,0.10083736930365114,0.08361423800312752,0.04117300678747915,0.00020311450021847984
centCAB100i_7,CBS_svr_nu0.25,B,65,0.0003264321014127554,0.00017847594716272123,0.0020740592507524198,0.0014389190878975717,0.0,0.17971249487899976
centCAB100i_7,CBS_svr_nu0.25,CD4T,65,0.09231990598728136,0.07989133630283418,0.040714611785137,0.03796444965707575,-0.007501270059752513,0.03233929526105685
centCAB100i_7,CBS_svr_nu0.25,CD8T,65,0.002540792174295588,0.0013781731926119029,0.0068582354224703945,0.004873186790171599,0.0,0.1823383541807685
centCAB100i_7,CBS_svr_nu0.25,Gran,65,0.7108607623025522,0.7571312830425367,0.09015969260240878,0.07729965502823648,0.02683795970136693,0.00029793720871794556
centCAB100i_7,CBS_svr_nu0.25,Mono,65,0.13309309278108908,0.1160929271400959,0.03582389644950841,0.0373989180085884,-0.01587716805104855,0.0004438652236129147
centCAB100i_7,CBS_svr_nu0.25,NK,65,0.05305462349117364,0.041791112245320776,0.03667440181179361,0.02914464051440521,-0.0042966191368399975,0.022188434214644094
centCAB100i_7,CBS_svr_nu0.25,nRBC,65,0.00780439116219528,0.0035366921294376448,0.011045896827742575,0.007488502796640561,0.0,0.0009693741533972319
centCAB100i_7,CBS_svr_nu0.5,B,65,0.0010398775147268447,0.0008817938780874924,0.005156238231562349,0.004650681938437605,0.0,0.463071015014588
centCAB100i_7,CBS_svr_nu0.5,CD4T,65,0.06840344598313726,0.05208096580367187,0.04131767637047434,0.03419421657019493,-0.010678642664109235,0.0005529242732228011
centCAB100i_7,CBS_svr_nu0.5,CD8T,65,0.006710264004127929,0.0078051105452903525,0.010600228893430829,0.011338945362635706,0.0,0.5090473602537965
centCAB100i_7,CBS_svr_nu0.5,Gran,65,0.7211714909480619,0.767790542929975,0.09355614010573199,0.07935445334811428,0.03236792909262831,0.00019792841042077134
centCAB100i_7,CBS_svr_nu0.5,Mono,65,0.13340820897700414,0.11572012773311845,0.036936047852964796,0.03942925317461663,-0.01175003411230828,0.0009776695988394602
centCAB100i_7,CBS_svr_nu0.5,NK,65,0.06314418318514119,0.05187658256019602,0.03460533785736342,0.02726702040876115,-0.007219997659906413,0.005211120187555004
centCAB100i_7,CBS_svr_nu0.5,nRBC,65,0.006122529387800783,0.003844876549660968,0.009371263748230088,0.006076831604927136,0.0,0.12570564096278614
centCAB100i_7,CP_nnls_norm,B,65,0.0003932069568709022,0.0003089292144729795,0.002579745522277174,0.0020015895352183378,0.0,0.28504940740261275
centCAB100i_7,CP_nnls_norm,CD4T,65,0.05894501418770975,0.04302341454492964,0.046857508120668766,0.039036157046300285,-0.006614595874408172,0.006844536251397203
centCAB100i_7,CP_nnls_norm,CD8T,65,0.0028530168994444004,0.0024497876251501787,0.007263931489641822,0.006557692875793285,0.0,0.6191537066890378
centCAB100i_7,CP_nnls_norm,Gran,65,0.7388846310546404,0.7891698101879798,0.10633730419520283,0.09228470017153319,0.035684779356095486,0.0003923112931107332
centCAB100i_7,CP_nnls_norm,Mono,65,0.1378683728207783,0.11836134360781718,0.03892263862293893,0.043562570327559696,-0.009607724117598526,0.00018792727049922193
centCAB100i_7,CP_nnls_norm,NK,65,0.054952745634964696,0.042648548616264756,0.037662680325553685,0.030597922725318537,-0.0063074999887474115,0.01111344938693345
centCAB100i_7,CP_nnls_norm,nRBC,65,0.006103012445591691,0.004038166203385408,0.010268085648705646,0.006924312912406267,0.0,0.12220912270442319
centCAB100i_7,CP_penalty_K100,B,65,0.0,0.0,0.0,0.0,0.0,
centCAB100i_7,CP_penalty_K100,CD4T,65,0.05657444290553261,0.04154337363529146,0.04284738095388853,0.036776893265000915,-0.0066108675033541685,0.0060058238194314025
centCAB100i_7,CP_penalty_K100,CD8T,65,0.0065909015028105915,0.005829896291960266,0.011232864665237714,0.010611313289138228,0.0,0.5667531078466261
centCAB100i_7,CP_penalty_K100,Gran,65,0.7275779020769384,0.7759859804423976,0.1039679041823168,0.09051046818748361,0.03454927807223129,0.0004225280100209499
centCAB100i_7,CP_penalty_K100,Mono,65,0.12616254738031393,0.10787256125998868,0.034750421562711874,0.039540426473352513,-0.010422993638334377,0.00019792841042077134
centCAB100i_7,CP_penalty_K100,NK,65,0.06657961299815202,0.05495974966874588,0.03709144074221635,0.03043851372318808,-0.006433769691218049,0.006706905033525796
centCAB100i_7,CP_penalty_K100,nRBC,65,0.014188795772610877,0.011504419287601588,0.014431636659324376,0.01166261917074484,0.0,0.13976884142472532
centCAB100i_7,CP_penalty_K1000,B,65,0.0,0.0,0.0,0.0,0.0,
centCAB100i_7,CP_penalty_K1000,CD4T,65,0.05647054980652633,0.0414482351986641,0.042771828813927736,0.036734085350405885,-0.006648195915243196,0.0060058238194314025
centCAB100i_7,CP_penalty_K1000,CD8T,65,0.006906977511628417,0.006127479478663179,0.01147469583955844,0.010830753717248173,0.0,0.5392021716240625
centCAB100i_7,CP_penalty_K1000,Gran,65,0.728676872320363,0.7770790517729934,0.10400960735386772,0.09058118662117023,0.034630741914773555,0.0004662048105129108
centCAB100i_7,CP_penalty_K1000,Mono,65,0.12576945565757633,0.10749016153732069,0.03464754066637224,0.03943090886312241,-0.010437292816050131,0.00020842803834940615
centCAB100i_7,CP_penalty_K1000,NK,65,0.06738366929856256,0.055762032275147526,0.03712510067304273,0.030452100411551705,-0.006439839861618573,0.006569703001634959
centCAB100i_7,CP_penalty_K1000,nRBC,65,0.01476787407222795,0.012068668417413997,0.014657333095792553,0.011893732825061218,0.0,0.13297240466447452
centCAB100i_7,RPC_irls,B,65,0.0,0.0,0.0,0.0,0.0,
centCAB100i_7,RPC_irls,CD4T,65,0.06341757420835885,0.050242557831566864,0.038774098152073624,0.03544253018982678,-0.009631601178744661,0.004427712359221361
centCAB100i_7,RPC_irls,CD8T,65,0.018584183972140157,0.017022294805172502,0.013486824287337124,0.011314972787785876,-0.002700044686748948,0.30644145535053324
centCAB100i_7,RPC_irls,Gran,65,0.7255951807389875,0.772556966475776,0.10057133354054473,0.08856997685969771,0.030540795096568263,0.0004225280100209499
centCAB100i_7,RPC_irls,Mono,65,0.09901708486005192,0.0799071650591698,0.0398750911377329,0.04227166397941261,-0.01216320193234359,0.001510225962604212
centCAB100i_7,RPC_irls,NK,65,0.07326277021179303,0.06318424851964473,0.0332272530024494,0.026709293425374363,-0.00817224878083303,0.005648019180473612
centCAB100i_7,RPC_irls,nRBC,65,0.020110666377213017,0.017074893578244505,0.013005114689286112,0.011614796696340766,-0.0012198620998105127,0.0643763095019019
centCAB100i_a12,CBS_svr_nu0.25,aBaso,65,0.022165632646218025,0.022974370227022405,0.01098354545488662,0.011498802909488572,0.0018844217704841043,0.585294762707449
centCAB100i_a12,CBS_svr_nu0.25,aBmem,65,0.011766175561701646,0.011591057969022088,0.009444122467063932,0.008528564418666815,-0.000836952969253256,0.641046325363427
centCAB100i_a12,CBS_svr_nu0.25,aBnv,65,0.011964899779383087,0.009613927094094626,0.015362224544337097,0.014020568366342604,-0.0004126521588054856,0.055511098097871046
centCAB100i_a12,CBS_svr_nu0.25,aCD4Tmem,65,0.01559425872849119,0.014321662656559658,0.025222900949370006,0.017555572456997164,0.0,0.582132652790463
centCAB100i_a12,CBS_svr_nu0.25,aCD4Tnv,65,0.04114146984530243,0.03697488331642299,0.025068046656213573,0.026914063157634668,-0.0038984290865500676,0.0773463938221492
centCAB100i_a12,CBS_svr_nu0.25,aCD8Tmem,65,0.07809782852312205,0.06488719483413562,0.03656890920329754,0.03225803847414569,-0.013215372314974029,0.0009776695988394602
centCAB100i_a12,CBS_svr_nu0.25,aCD8Tnv,65,0.0007786945630272883,0.0011654187998782085,0.003098516276446658,0.005593544430075044,0.0,0.8589549227374824
centCAB100i_a12,CBS_svr_nu0.25,aEos,65,0.00510757181594944,0.00521420602580765,0.015325803591552122,0.02042514865676473,0.0,0.5565794125211807
centCAB100i_a12,CBS_svr_nu0.25,aMono,65,0.07314472724971459,0.05534124397191277,0.03320421187774087,0.03470663957436185,-0.014269067398587354,0.00011091741028218726
centCAB100i_a12,CBS_svr_nu0.25,aNK,65,0.026079294623972592,0.022965324748547518,0.02009640281093921,0.01929171184425621,0.0,0.2256041010436003
centCAB100i_a12,CBS_svr_nu0.25,aNeu,65,0.7026208707745377,0.7434162970999502,0.09725977330134074,0.08498112995671253,0.023603735253197478,0.0010481596951967009
centCAB100i_a12,CBS_svr_nu0.25,aTreg,65,0.011538575888580038,0.01153441325664628,0.01300309393733347,0.011466215589183336,0.0,0.9253199298840316
centCAB100i_a12,CBS_svr_nu0.5,aBaso,65,0.019596107348908515,0.019446851943152835,0.007098152184405682,0.0075548639271927,0.0004342433657477142,0.9609097179332542
centCAB100i_a12,CBS_svr_nu0.5,aBmem,65,0.0067933742645935186,0.006866860133080343,0.005757495700687321,0.005878778166744148,0.0,1.0
centCAB100i_a12,CBS_svr_nu0.5,aBnv,65,0.02456824969404455,0.022369414147130475,0.018131971764717862,0.01732078413787635,0.0,0.4180672372998593
centCAB100i_a12,CBS_svr_nu0.5,aCD4Tmem,65,0.018656455227732394,0.012259892762605838,0.025513744739309518,0.015673875347817244,0.0,0.07646343192414391
centCAB100i_a12,CBS_svr_nu0.5,aCD4Tnv,65,0.03415394255624927,0.029238990223236276,0.02307855835763994,0.023013724327673492,-0.0035119012910489605,0.021271107343722964
centCAB100i_a12,CBS_svr_nu0.5,aCD8Tmem,65,0.07195061128664153,0.05982251174373515,0.036749087022731566,0.02938287003810112,-0.008394983003981428,0.0010481596951967009
centCAB100i_a12,CBS_svr_nu0.5,aCD8Tnv,65,0.0009031442942652552,0.0010280259306285195,0.0026205476357833582,0.0027361702695835512,0.0,0.831310207979425
centCAB100i_a12,CBS_svr_nu0.5,aEos,65,0.004982343051157867,0.005002198034074381,0.014688624652563055,0.020758850255635453,0.0,0.28053090025207417
centCAB100i_a12,CBS_svr_nu0.5,aMono,65,0.07200016356228012,0.05604659499950113,0.03320911135900033,0.03578126181649339,-0.0102811680718802,0.00114636569065653
centCAB100i_a12,CBS_svr_nu0.5,aNK,65,0.023419288723365794,0.020414092961219283,0.018337106023216556,0.01773716851112654,-0.0019261406324086166,0.09454874164886314
centCAB100i_a12,CBS_svr_nu0.5,aNeu,65,0.7120696815411679,0.7566323346647187,0.09860245919950948,0.08595213244621534,0.029622682747769136,0.000773172408816799
centCAB100i_a12,CBS_svr_nu0.5,aTreg,65,0.01090663844959322,0.010872232456917142,0.008363715427717015,0.008246136336318531,-3.085813311281757e-05,0.8801823396256103
centCAB100i_a12,CP_nnls_norm,aBaso,65,0.011538594454522749,0.011786916209044263,0.00753209543048725,0.0070713733332589705,0.0005588694411265901,0.7116137656990484
centCAB100i_a12,CP_nnls_norm,aBmem,65,0.008331756258268042,0.008896905102676192,0.006059740548093454,0.006150153019508225,0.00045151698270192754,0.33182823013681906
centCAB100i_a12,CP_nnls_norm,aBnv,65,0.028275580896465678,0.02445474030645103,0.019763691800424924,0.017012638532441483,-0.0015219011808090127,0.04457188319655609
centCAB100i_a12,CP_nnls_norm,aCD4Tmem,65,0.03153556764994031,0.02506958125916561,0.025019305748245152,0.019101268878410703,-0.003780938784730771,0.022219253128932068
centCAB100i_a12,CP_nnls_norm,aCD4Tnv,65,0.032422651838707364,0.027431070006080582,0.025075095090442708,0.022939631399356276,-0.002239126266022018,0.02429901046836714
centCAB100i_a12,CP_nnls_norm,aCD8Tmem,65,0.05072513293690958,0.03877307839542531,0.03555115846766111,0.027967411032881924,-0.006253382301563016,0.00036463383759534
centCAB100i_a12,CP_nnls_norm,aCD8Tnv,65,0.00044943535461658337,0.0013567355206860765,0.0015028025591966722,0.004216513922914215,0.0,0.11585149752593009
centCAB100i_a12,CP_nnls_norm,aEos,65,0.004777336237796772,0.004648976648047673,0.014846546816772579,0.02008027459307049,0.0,0.25598851167013814
centCAB100i_a12,CP_nnls_norm,aMono,65,0.08170423049888395,0.06450299371943691,0.03169544067603706,0.035508209533014395,-0.011081406698744078,0.00012015497686074047
centCAB100i_a12,CP_nnls_norm,aNK,65,0.04537810957580209,0.04174290183191586,0.020536818687782232,0.019648824793853426,-0.0006317432030994857,0.10720987368115566
centCAB100i_a12,CP_nnls_norm,aNeu,65,0.6997200750739252,0.7460936074348269,0.10277491126868649,0.09287504194733719,0.033837480323849145,0.0007550730448429266
centCAB100i_a12,CP_nnls_norm,aTreg,65,0.0051415292241618095,0.00524249356624363,0.006634873466097532,0.0066356628976966805,0.0,0.5967305770360982
centCAB100i_a12,CP_penalty_K100,aBaso,65,0.012384692990757475,0.012380502763322702,0.007411373254075383,0.006972950617240427,8.488874053884246e-05,0.861963604359191
centCAB100i_a12,CP_penalty_K100,aBmem,65,0.01362798228991129,0.013313863710324381,0.006740716268054403,0.007006967057987221,0.0,0.6833193501271634
centCAB100i_a12,CP_penalty_K100,aBnv,65,0.01631089628687205,0.01430016595705825,0.017311632453501785,0.01396095826909375,0.0,0.3936673535801375
centCAB100i_a12,CP_penalty_K100,aCD4Tmem,65,0.028317040101955713,0.02227411148656905,0.02508480475991485,0.01884913489933319,-0.003998651111096669,0.030012367264439968
centCAB100i_a12,CP_penalty_K100,aCD4Tnv,65,0.030008743287098086,0.024723091451999024,0.024540226994891196,0.02322444589050907,-0.0028107451849779218,0.010969532226243379
centCAB100i_a12,CP_penalty_K100,aCD8Tmem,65,0.05597958027676664,0.043745846344888796,0.0369327608266679,0.029112873563699456,-0.007043992884658837,0.0003213125132662109
centCAB100i_a12,CP_penalty_K100,aCD8Tnv,65,0.0020092323554710997,0.0027012772284960647,0.004283004068248925,0.0069148204618123986,0.0,0.409125090567625
centCAB100i_a12,CP_penalty_K100,aEos,65,0.005801616268457404,0.005548000452568452,0.015461502800222486,0.020552902502786383,0.0,0.2735436610893661
centCAB100i_a12,CP_penalty_K100,aMono,65,0.0805047679285563,0.06336092270249902,0.03128024089387361,0.035100192390019415,-0.009182648957700684,0.0001446580335759621
centCAB100i_a12,CP_penalty_K100,aNK,65,0.045758651038037126,0.04210177570986043,0.020616641540287743,0.019601201626858,-0.0017554572800327767,0.08868963053239846
centCAB100i_a12,CP_penalty_K100,aNeu,65,0.6994045133810632,0.7453757890717824,0.10242841531210732,0.09269451476982332,0.033796561301848715,0.0008299156078681111
centCAB100i_a12,CP_penalty_K100,aTreg,65,0.009554894137082139,0.009854951470750212,0.00983499232097265,0.00969512964938182,0.0,0.6083249647120605
centCAB100i_a12,CP_penalty_K1000,aBaso,65,0.012393273464297576,0.012376263786738602,0.0074094570793692685,0.006974550204427176,0.0,0.8748820192277265
centCAB100i_a12,CP_penalty_K1000,aBmem,65,0.013796320791512542,0.013445665744042792,0.006827212255560194,0.007067216250140592,1.506256712471149e-05,0.6784162304946681
centCAB100i_a12,CP_penalty_K1000,aBnv,65,0.015956128199688134,0.014026687045212484,0.017263199715119085,0.013858866189655384,0.0,0.404146571096748
centCAB100i_a12,CP_penalty_K1000,aCD4Tmem,65,0.02815046257341047,0.022137130744236073,0.025130049251916323,0.018833770744947492,-0.0042271618556581556,0.031642811220164005
centCAB100i_a12,CP_penalty_K1000,aCD4Tnv,65,0.0298938911101832,0.024589974966814105,0.02452203218025298,0.0232580701129276,-0.0031811462628346804,0.010734781008279017
centCAB100i_a12,CP_penalty_K1000,aCD8Tmem,65,0.05625156928874598,0.044004913729953535,0.03703610645805742,0.029184091893320933,-0.007327720609116281,0.00032947834016565825
centCAB100i_a12,CP_penalty_K1000,aCD8Tnv,65,0.0020717248498062437,0.0027560982687499513,0.004399998240500626,0.007012134830692362,0.0,0.4802415427194643
centCAB100i_a12,CP_penalty_K1000,aEos,65,0.005853092261769426,0.005598672795269085,0.015492665785857253,0.02057539992675047,0.0,0.2735436610893661
centCAB100i_a12,CP_penalty_K1000,aMono,65,0.08046110594561383,0.06330861063223332,0.03127851053682669,0.03509847839729493,-0.009169685177579559,0.000148520530655524
centCAB100i_a12,CP_penalty_K1000,aNK,65,0.04576759932389555,0.04210253928966557,0.020633670529753748,0.019614713741401224,-0.0017536988534175568,0.08868963053239846
centCAB100i_a12,CP_penalty_K1000,aNeu,65,0.6996176936831022,0.7455744217427449,0.10241571742376188,0.09269843702260004,0.03389804893593862,0.0008299156078681111
centCAB100i_a12,CP_penalty_K1000,aTreg,65,0.009783615608388894,0.010075679963489128,0.009969097028729638,0.00983447005208608,0.0,0.6420785027937037
centCAB100i_a12,RPC_irls,aBaso,65,0.020994531189044707,0.0204537436461167,0.006536172030017969,0.006800181752817234,0.00013548563313245734,0.6450045444470447
centCAB100i_a12,RPC_irls,aBmem,65,0.016716908930260236,0.016337316098122726,0.0073729129370024345,0.007439656308592128,-0.0009063114641709369,0.39739980318216794
centCAB100i_a12,RPC_irls,aBnv,65,0.023673929783417026,0.021407723683666353,0.019864489504527353,0.017887924188098443,0.0,0.2964359765648924
centCAB100i_a12,RPC_irls,aCD4Tmem,65,0.012081116960362237,0.007393031569858497,0.0195887096580529,0.011787381917474984,-0.0005172754767191613,0.03641981767916119
centCAB100i_a12,RPC_irls,aCD4Tnv,65,0.03342448391296713,0.028326808832608307,0.02389275942356302,0.02421879557240684,-0.0046490445777030535,0.02143174047883059
centCAB100i_a12,RPC_irls,aCD8Tmem,65,0.06860355480233478,0.05644977100257752,0.035740181840948175,0.027660986127204416,-0.007399481169059613,0.0004895898649622067
centCAB100i_a12,RPC_irls,aCD8Tnv,65,0.002124472158837273,0.0028115255020197192,0.004010398088710323,0.004965340183744986,0.0,0.33910817748609645
centCAB100i_a12,RPC_irls,aEos,65,0.0066551217651532706,0.006556396220152219,0.016207500059047066,0.02103892642939798,0.0,0.37577150825113037
centCAB100i_a12,RPC_irls,aMono,65,0.06813576722701042,0.05130328808483091,0.03237588395254769,0.034126454038713276,-0.010076779784970756,0.0002632902736512638
centCAB100i_a12,RPC_irls,aNK,65,0.030463346352107342,0.027249804856811975,0.01830928211065576,0.01788356827751697,-0.003416840253005024,0.0620799652214886
centCAB100i_a12,RPC_irls,aNeu,65,0.703346822204972,0.7488952124260525,0.1033191749484838,0.09238525793504464,0.033330792407240795,0.0006389826285440155
centCAB100i_a12,RPC_irls,aTreg,65,0.013777096277235655,0.01281265433624133,0.008292385365752513,0.007869356976016945,-0.00146302083855499,0.36889044270402427
centDHSbloodDMC,CBS_svr_nu0.25,B,65,0.0038722135614161113,0.0038143525734225104,0.010447965962456627,0.011828937174560305,0.0,0.5502919421280152
centDHSbloodDMC,CBS_svr_nu0.25,CD4T,65,0.029672738205095712,0.022474844158510632,0.04367900741223919,0.03771488845727316,0.0,0.12149621743974659
centDHSbloodDMC,CBS_svr_nu0.25,CD8T,65,0.03387800956619052,0.02505687983941592,0.04890144098848569,0.036098656436185796,0.0,0.08835172469508357
centDHSbloodDMC,CBS_svr_nu0.25,Eosino,65,0.004508716445537448,0.003727089563730906,0.014005182882081685,0.016128471888080316,0.0,0.789675102094056
centDHSbloodDMC,CBS_svr_nu0.25,Mono,65,0.10135498577899686,0.08072528600046111,0.04214688296020197,0.03821197050647754,-0.014375645572736226,0.00043307395048181827
centDHSbloodDMC,CBS_svr_nu0.25,NK,65,0.04107584530625529,0.03281190071533158,0.03283900581919016,0.02927323287523817,-0.00593876086352154,0.0503114590377925
centDHSbloodDMC,CBS_svr_nu0.25,Neutro,65,0.7856374911365082,0.8313896471491272,0.11577999078658224,0.09216461939424332,0.031491973545187624,0.0008496726094450491
centDHSbloodDMC,CBS_svr_nu0.5,B,65,0.006312215490395217,0.004999605949787315,0.012589410435090351,0.011664463107505343,0.0,0.27115519770883223
centDHSbloodDMC,CBS_svr_nu0.5,CD4T,65,0.030948384752870782,0.02197291868882372,0.040172344152631996,0.034209588840016424,0.0,0.13021649938891294
centDHSbloodDMC,CBS_svr_nu0.5,CD8T,65,0.037613298159203654,0.024353925028487843,0.04746544629501116,0.03579692964709651,0.0,0.00779317950634905
centDHSbloodDMC,CBS_svr_nu0.5,Eosino,65,0.0017545001217995836,0.0028104089081128453,0.00635099572642229,0.011919805717255323,0.0,0.4838398513935682
centDHSbloodDMC,CBS_svr_nu0.5,Mono,65,0.09406124208016742,0.07498503108398764,0.039467066550485735,0.03996681287396626,-0.011538494248406181,0.00032947834016565825
centDHSbloodDMC,CBS_svr_nu0.5,NK,65,0.042544469242012106,0.034445352508562434,0.03371457442931194,0.029975274219772773,-0.0048572573078038556,0.06863215018868873
centDHSbloodDMC,CBS_svr_nu0.5,Neutro,65,0.7867658901535511,0.8364327578322381,0.10946008448920884,0.09379977021397648,0.03498419341080983,0.0003463959011694666
centDHSbloodDMC,CP_nnls_norm,B,65,0.013541900298693782,0.010277624518427616,0.01740505548592569,0.015256984090895638,0.0,0.05412571718647891
centDHSbloodDMC,CP_nnls_norm,CD4T,65,0.05381737601469327,0.041042238037283345,0.048822772322237064,0.042450498944237545,-0.0004794765382556826,0.04434113692437992
centDHSbloodDMC,CP_nnls_norm,CD8T,65,0.0211156630370855,0.012967473863039378,0.035592978945655065,0.025142479763101338,0.0,0.008352860896632085
centDHSbloodDMC,CP_nnls_norm,Eosino,65,0.000437856952350461,0.0018453022644956852,0.0032983137797212465,0.00851527530778464,0.0,0.22491588401596185
centDHSbloodDMC,CP_nnls_norm,Mono,65,0.10336047009135059,0.08886370206346038,0.031232947874546207,0.034251917217101996,-0.00860133699432171,0.0005140651324660342
centDHSbloodDMC,CP_nnls_norm,NK,65,0.06572275571802316,0.054853130534899736,0.03667450303462413,0.03535833895528963,-0.009968946685313458,0.004568544035597097
centDHSbloodDMC,CP_nnls_norm,Neutro,65,0.7420039778878031,0.7901505287183939,0.1060165905616748,0.0914035361303646,0.04141784029725604,0.0005529242732228011
centDHSbloodDMC,CP_penalty_K100,B,65,0.016548830277009614,0.013063164494339554,0.01779863040013834,0.015689620751775137,-0.00039748206045137763,0.05828451358538657
centDHSbloodDMC,CP_penalty_K100,CD4T,65,0.02378833059995088,0.015554889729132045,0.03927699992205697,0.03132094553560272,0.0,0.11228652306574788
centDHSbloodDMC,CP_penalty_K100,CD8T,65,0.06731146194665023,0.05362722661180544,0.04414730510306993,0.03662334589427117,-0.005606790621832482,0.021801178429516347
centDHSbloodDMC,CP_penalty_K100,Eosino,65,0.00030218194506128324,0.0014174867018383005,0.0024362687279662573,0.006599419531136491,0.0,0.14412703481601533
centDHSbloodDMC,CP_penalty_K100,Mono,65,0.09434681840285902,0.08039711594335666,0.029381215454717554,0.03275347095204783,-0.007726988215920619,0.0010241566729581356
centDHSbloodDMC,CP_penalty_K100,NK,65,0.06457215016351225,0.05695738039506893,0.033328767904092456,0.03561944153750726,-0.00852458047769171,0.01982176814578687
centDHSbloodDMC,CP_penalty_K100,Neutro,65,0.7326795802060735,0.7785296687082724,0.10011724738613302,0.08571673286610428,0.03873746905685227,0.00038269626917418167
centDHSbloodDMC,CP_penalty_K1000,B,65,0.01657826248471281,0.013089346165911795,0.01780920651629074,0.015701440531260467,-0.00039704559331422973,0.05828451358538657
centDHSbloodDMC,CP_penalty_K1000,CD4T,65,0.02359275070173258,0.015410150694123822,0.03918486019971134,0.031197668937636824,0.0,0.11560380304776928
centDHSbloodDMC,CP_penalty_K1000,CD8T,65,0.06768125972573663,0.053922713896465656,0.044245832787059174,0.03670278258599208,-0.005579707020199429,0.021044279243034272
centDHSbloodDMC,CP_penalty_K1000,Eosino,65,0.0003014263863360705,0.001414716103481074,0.0024301772187796163,0.006587138209220526,0.0,0.14412703481601533
centDHSbloodDMC,CP_penalty_K1000,Mono,65,0.09430565788627623,0.0803478880307221,0.029386193845097202,0.03276096704700792,-0.007732381475489283,0.0010006632532663974
centDHSbloodDMC,CP_penalty_K1000,NK,65,0.06460422197281648,0.05702574633033306,0.03332826138451442,0.03563685031015307,-0.00882098966746462,0.0208826287674215
centDHSbloodDMC,CP_penalty_K1000,Neutro,65,0.7329318752223528,0.7787848685010414,0.10012596229172548,0.08572840810179516,0.038756012959750175,0.00037330184280725095
centDHSbloodDMC,RPC_irls,B,65,0.02619097782912949,0.023438782814871453,0.017561587823811533,0.015893171931507133,-0.004081368238986932,0.09454874164886314
centDHSbloodDMC,RPC_irls,CD4T,65,0.019700811263947817,0.013978585348935844,0.03173157639850518,0.027955045479694244,0.0,0.12752725562664105
centDHSbloodDMC,RPC_irls,CD8T,65,0.08594325766508393,0.0692233930274351,0.04863858850317192,0.03607940121803009,-0.015810228357946942,0.001689266920032649
centDHSbloodDMC,RPC_irls,Eosino,65,0.0002658994604134284,0.001968611015179651,0.002143749984986567,0.00905163845999077,0.0,0.14412703481601533
centDHSbloodDMC,RPC_irls,Mono,65,0.07546929983765319,0.05788030333892194,0.03610137772453695,0.03714310277015239,-0.014727649517197267,0.0005453338022277256
centDHSbloodDMC,RPC_irls,NK,65,0.04993833319391612,0.04535946282416527,0.027961283834623294,0.03241603341146756,-0.007106111631273487,0.09065766413336586
centDHSbloodDMC,RPC_irls,Neutro,65,0.7424886788540497,0.7881482279567755,0.1023218723404831,0.08882729808514206,0.03841964827522382,0.0006389826285440155
